RMSE,MAE,MAPE,Alpha
7.8038318886093485,7.100527128859865,15.6495265919069,0.049523595891345244
