RMSE,MAE,MAPE,Alpha
7.803834298201375,7.100529861747012,15.649530648823376,0.04952397861488896
